target,auroc,n
mortality_1d,0.9291175982750042,6069
icu_24h,0.883531007921572,6051
cardiac_arrest,0.9445234159779614,6080
vasopressors,0.8919712111713439,6080
