target,auroc,auprc,brier_score,mean_uncertainty,test_n,positive_rate
mortality_1d,0.9104909603582685,0.055935079378207055,0.07936841994524002,0.03424038,6069,0.0065908716
icu_24h,0.8717334778456002,0.45093408143971775,0.11057024449110031,0.23529126,6051,0.12064122
icu_24h,0.9395399449035813,0.06655316038366932,0.06871084123849869,0.023781244,6080,0.0049342103
vasopressors,0.8604872712074836,0.04869817083826222,0.0840529277920723,0.051062107,6080,0.008881579
