target,auroc,auprc,brier_score,mean_uncertainty,test_n,positive_rate
mortality_1d,0.8786904959363078,0.05325567718857762,0.07725491374731064,0.032849636,6069,0.0065908716
icu_24h,0.8725769952604439,0.45396261032404106,0.1096261590719223,0.2195008,6051,0.12064122
icu_24h,0.9560936639118457,0.07978352935441022,0.05940164253115654,0.018159896,6080,0.0049342103
vasopressors,0.8521837469729935,0.047390049300890934,0.07460203766822815,0.043011915,6080,0.008881579
