target,auroc,auprc,brier_score,mean_uncertainty,test_n,positive_rate
mortality_1d,0.9412381821197544,0.21805595861340746,0.005877174437046051,0.004546849,6069,0.0065908716
icu_24h,0.8918027047135542,0.6211060692823256,0.06853511929512024,0.042140316,6051,0.12064122
cardiac_arrest,0.9647878787878787,0.4290999823032512,0.0036631966941058636,0.0038116667,6080,0.0049342103
vasopressors,0.8849030743322148,0.10257397805569403,0.008327730000019073,0.0052419645,6080,0.008881579
