target,auroc,n
mortality_1d,0.9360175816885056,6069
icu_24h,0.8917190352004077,6051
cardiac_arrest,0.9738292011019283,6080
vasopressors,0.9031603790979829,6080
