target,auroc,auprc,brier_score,mean_uncertainty,test_n,positive_rate
mortality_1d,0.9404130038148947,0.21325768448002458,0.005774208344519138,0.0056407023,6069,0.0065908716
icu_24h,0.8862411278135482,0.5938449244073942,0.07137279957532883,0.037373044,6051,0.12064122
cardiac_arrest,0.9636363636363636,0.3619119804734688,0.003807653672993183,0.00408589,6080,0.0049342103
vasopressors,0.8899982790623349,0.1052449773436787,0.008306828327476978,0.0062103253,6080,0.008881579
