target,auroc,auprc,brier_score,mean_uncertainty,test_n,positive_rate
mortality_1d,0.9383355448664787,0.23782136341075288,0.00574959022924304,0.004716171,6069,0.0065908716
icu_24h,0.8944191147508065,0.6272892494970954,0.06829679012298584,0.04035378,6051,0.12064122
cardiac_arrest,0.964969696969697,0.4240174410018761,0.0037794364616274834,0.0063077803,6080,0.0049342103
vasopressors,0.902637951592482,0.10914796856425031,0.008278239518404007,0.006099528,6080,0.008881579
