target,auroc,auprc,brier_score,mean_uncertainty,test_n,positive_rate
mortality_1d,0.9330610383148118,0.19172985142424645,0.0058659035712480545,0.0050484478,6069,0.0065908716
icu_24h,0.8805183905589896,0.5724258615077086,0.072813019156456,0.038424015,6051,0.12064122
cardiac_arrest,0.9480606060606062,0.3822046007074189,0.004352467600256205,0.0081842495,6080,0.0049342103
vasopressors,0.8910861575149661,0.11052751970733433,0.008329473435878754,0.007861224,6080,0.008881579
