target,auroc,auprc,brier_score,mean_uncertainty,test_n,positive_rate
deterioration_vasopressors,0.8388556993767746,0.0983573367192556,0.008982492610812187,0.007497011,6080,0.008881578947368421
